{
    "przycisk": 0,
    "licznik": 731.8181002140045,
    "aktualnie": 0,
    "auto_off": 10800,
    "ostatni": 6.017456531524658,
    "dzis": 731.8181002140045,
    "data": {
        "d": 9,
        "m": 10,
        "y": 2024
    }
}